{"cameraMode":{"drawMode":0,"name":"Shaded","section":"Shading Mode"},"sceneLighting":true,"audioPlay":false,"sceneViewState":{"showFog":true,"showMaterialUpdate":true,"showSkybox":true,"showFlares":true,"showImageEffects":true,"showParticleSystems":true},"in2DMode":false,"pivot":{"x":8.64610481262207,"y":60.06442642211914,"z":219.3912353515625},"rotation":{"x":0.007199252024292946,"y":-0.992577075958252,"z":0.07339958846569061,"w":0.09793563932180405},"size":0.4206351041793823,"orthographic":false}