{"cameraMode":{"drawMode":0,"name":"Shaded","section":"Shading Mode"},"sceneLighting":false,"audioPlay":false,"sceneViewState":{"showFog":true,"showMaterialUpdate":true,"showSkybox":false,"showFlares":true,"showImageEffects":true,"showParticleSystems":true},"in2DMode":false,"pivot":{"x":-0.0489192008972168,"y":2.68778133392334,"z":-7.392584800720215},"rotation":{"x":0.1192033663392067,"y":0.4452041983604431,"z":-0.05992380157113075,"w":0.8854919075965881},"size":0.8660253882408142,"orthographic":false}