{"cameraMode":{"drawMode":0,"name":"Shaded","section":"Shading Mode"},"sceneLighting":false,"audioPlay":false,"sceneViewState":{"showFog":true,"showMaterialUpdate":true,"showSkybox":false,"showFlares":true,"showImageEffects":true,"showParticleSystems":true},"in2DMode":false,"pivot":{"x":-1.120349407196045,"y":2.46865177154541,"z":-36.14230728149414},"rotation":{"x":0.012900435365736485,"y":0.9847536683082581,"z":-0.15217502415180207,"w":0.08415751159191132},"size":1.123143196105957,"orthographic":false}