{"cameraMode":{"drawMode":0,"name":"Shaded","section":"Shading Mode"},"sceneLighting":false,"audioPlay":false,"sceneViewState":{"showFog":true,"showMaterialUpdate":true,"showSkybox":false,"showFlares":true,"showImageEffects":true,"showParticleSystems":true},"in2DMode":false,"pivot":{"x":-2.224357843399048,"y":2.443000078201294,"z":-36.03245162963867},"rotation":{"x":-0.02807709388434887,"y":0.9719387888908386,"z":-0.15614379942417146,"w":-0.17409902811050416},"size":1.123143196105957,"orthographic":false}