{"cameraMode":{"drawMode":0,"name":"Shaded","section":"Shading Mode"},"sceneLighting":true,"audioPlay":false,"sceneViewState":{"showFog":true,"showMaterialUpdate":true,"showSkybox":true,"showFlares":true,"showImageEffects":true,"showParticleSystems":true},"in2DMode":false,"pivot":{"x":-2.525298595428467,"y":7.378486633300781,"z":-1.6807222366333008},"rotation":{"x":-0.07730121910572052,"y":-0.8918793201446533,"z":0.16673338413238526,"w":-0.4135289192199707},"size":1.0206351280212403,"orthographic":false}