{"cameraMode":{"drawMode":0,"name":"Shaded","section":"Shading Mode"},"sceneLighting":false,"audioPlay":false,"sceneViewState":{"showFog":true,"showMaterialUpdate":true,"showSkybox":false,"showFlares":true,"showImageEffects":true,"showParticleSystems":true},"in2DMode":false,"pivot":{"x":0.4909999966621399,"y":2.4200000762939455,"z":-6.889999866485596},"rotation":{"x":0.1397179812192917,"y":0.43578195571899416,"z":-0.068671815097332,"w":0.8865439295768738},"size":0.8660253882408142,"orthographic":false}