{"cameraMode":{"drawMode":0,"name":"Shaded","section":"Shading Mode"},"sceneLighting":true,"audioPlay":false,"sceneViewState":{"showFog":true,"showMaterialUpdate":true,"showSkybox":true,"showFlares":true,"showImageEffects":true,"showParticleSystems":true},"in2DMode":false,"pivot":{"x":-6.236478805541992,"y":2.994739055633545,"z":-29.52486801147461},"rotation":{"x":0.1397179812192917,"y":0.43578195571899416,"z":-0.068671815097332,"w":0.8865439295768738},"size":0.8660253882408142,"orthographic":false}