{"cameraMode":{"drawMode":0,"name":"Shaded","section":"Shading Mode"},"sceneLighting":false,"audioPlay":false,"sceneViewState":{"showFog":true,"showMaterialUpdate":true,"showSkybox":false,"showFlares":true,"showImageEffects":true,"showParticleSystems":true},"in2DMode":false,"pivot":{"x":-0.0941154956817627,"y":2.7078607082366945,"z":-7.325984954833984},"rotation":{"x":0.11522960662841797,"y":0.42416098713874819,"z":-0.054501570761203769,"w":0.8966282606124878},"size":0.8660253882408142,"orthographic":false}