{"cameraMode":{"drawMode":0,"name":"Shaded","section":"Shading Mode"},"sceneLighting":true,"audioPlay":false,"sceneViewState":{"showFog":true,"showMaterialUpdate":true,"showSkybox":true,"showFlares":true,"showImageEffects":true,"showParticleSystems":true},"in2DMode":false,"pivot":{"x":-39.75270462036133,"y":11.342646598815918,"z":1.590111494064331},"rotation":{"x":-0.005438963882625103,"y":-0.9188488125801086,"z":0.012694882228970528,"w":-0.394624263048172},"size":1.0206351280212403,"orthographic":false}