{"cameraMode":{"drawMode":0,"name":"Shaded","section":"Shading Mode"},"sceneLighting":true,"audioPlay":false,"sceneViewState":{"showFog":true,"showMaterialUpdate":true,"showSkybox":false,"showFlares":true,"showImageEffects":true,"showParticleSystems":true},"in2DMode":false,"pivot":{"x":-0.19999998807907105,"y":0.7999999523162842,"z":-29.739999771118165},"rotation":{"x":0.036112911999225619,"y":0.879815936088562,"z":-0.0677102580666542,"w":0.4692005217075348},"size":0.8660253882408142,"orthographic":false}